Label	ImageSource
Unsliced	Unsliced\Unsliced-000.jpg
Unsliced	Unsliced\Unsliced-001.jpg
Unsliced	Unsliced\Unsliced-002.jpg
Unsliced	Unsliced\Unsliced-003.jpg
Unsliced	Unsliced\Unsliced-004.jpg
Unsliced	Unsliced\Unsliced-005.jpg
Unsliced	Unsliced\Unsliced-006.jpg
Unsliced	Unsliced\Unsliced-007.jpg
Unsliced	Unsliced\Unsliced-008.jpg
Unsliced	Unsliced\Unsliced-009.jpg
Unsliced	Unsliced\Unsliced-010.jpg
Unsliced	Unsliced\Unsliced-011.jpg
Unsliced	Unsliced\Unsliced-012.jpg
Unsliced	Unsliced\Unsliced-013.jpg
Unsliced	Unsliced\Unsliced-014.jpg
Unsliced	Unsliced\Unsliced-015.jpg
Unsliced	Unsliced\Unsliced-016.jpg
Unsliced	Unsliced\Unsliced-017.jpg
Unsliced	Unsliced\Unsliced-018.jpg
Unsliced	Unsliced\Unsliced-019.jpg
Unsliced	Unsliced\Unsliced-020.jpg
Unsliced	Unsliced\Unsliced-021.jpg
Unsliced	Unsliced\Unsliced-022.jpg
Unsliced	Unsliced\Unsliced-023.jpg
Unsliced	Unsliced\Unsliced-024.jpg
Unsliced	Unsliced\Unsliced-025.jpg
Unsliced	Unsliced\Unsliced-026.jpg
Unsliced	Unsliced\Unsliced-027.jpg
Unsliced	Unsliced\Unsliced-028.jpg
Unsliced	Unsliced\Unsliced-029.jpg
Unsliced	Unsliced\Unsliced-030.jpg
Unsliced	Unsliced\Unsliced-031.jpg
Unsliced	Unsliced\Unsliced-032.jpg
Unsliced	Unsliced\Unsliced-033.jpg
Unsliced	Unsliced\Unsliced-034.jpg
Unsliced	Unsliced\Unsliced-035.jpg
Unsliced	Unsliced\Unsliced-036.jpg
Unsliced	Unsliced\Unsliced-037.jpg
Unsliced	Unsliced\Unsliced-038.jpg
Unsliced	Unsliced\Unsliced-039.jpg
Unsliced	Unsliced\Unsliced-040.jpg
Unsliced	Unsliced\Unsliced-041.jpg
Unsliced	Unsliced\Unsliced-042.jpg
Unsliced	Unsliced\Unsliced-043.jpg
Unsliced	Unsliced\Unsliced-044.jpg
Unsliced	Unsliced\Unsliced-045.jpg
Unsliced	Unsliced\Unsliced-046.jpg
Unsliced	Unsliced\Unsliced-047.jpg
Unsliced	Unsliced\Unsliced-048.jpg
Unsliced	Unsliced\Unsliced-049.jpg
Unsliced	Unsliced\Unsliced-050.jpg
Unsliced	Unsliced\Unsliced-051.jpg
Unsliced	Unsliced\Unsliced-052.jpg
Unsliced	Unsliced\Unsliced-053.jpg
Unsliced	Unsliced\Unsliced-054.jpg
Unsliced	Unsliced\Unsliced-055.jpg
Unsliced	Unsliced\Unsliced-056.jpg
Unsliced	Unsliced\Unsliced-057.jpg
Unsliced	Unsliced\Unsliced-058.jpg
Unsliced	Unsliced\Unsliced-059.jpg
Unsliced	Unsliced\Unsliced-060.jpg
Unsliced	Unsliced\Unsliced-061.jpg
Unsliced	Unsliced\Unsliced-062.jpg
Unsliced	Unsliced\Unsliced-063.jpg
Unsliced	Unsliced\Unsliced-064.jpg
Unsliced	Unsliced\Unsliced-065.jpg
Unsliced	Unsliced\Unsliced-066.jpg
Unsliced	Unsliced\Unsliced-067.jpg
Unsliced	Unsliced\Unsliced-068.jpg
Unsliced	Unsliced\Unsliced-069.jpg
Unsliced	Unsliced\Unsliced-070.jpg
Unsliced	Unsliced\Unsliced-071.jpg
Unsliced	Unsliced\Unsliced-072.jpg
Unsliced	Unsliced\Unsliced-073.jpg
Unsliced	Unsliced\Unsliced-074.jpg
Unsliced	Unsliced\Unsliced-075.jpg
Unsliced	Unsliced\Unsliced-076.jpg
Unsliced	Unsliced\Unsliced-077.jpg
Unsliced	Unsliced\Unsliced-078.jpg
Unsliced	Unsliced\Unsliced-079.jpg
Unsliced	Unsliced\Unsliced-080.jpg
Unsliced	Unsliced\Unsliced-081.jpg
Unsliced	Unsliced\Unsliced-082.jpg
Unsliced	Unsliced\Unsliced-083.jpg
Unsliced	Unsliced\Unsliced-084.jpg
Unsliced	Unsliced\Unsliced-085.jpg
Unsliced	Unsliced\Unsliced-086.jpg
Unsliced	Unsliced\Unsliced-087.jpg
Unsliced	Unsliced\Unsliced-088.jpg
Unsliced	Unsliced\Unsliced-089.jpg
Unsliced	Unsliced\Unsliced-090.jpg
Unsliced	Unsliced\Unsliced-091.jpg
Unsliced	Unsliced\Unsliced-092.jpg
Unsliced	Unsliced\Unsliced-093.jpg
Unsliced	Unsliced\Unsliced-094.jpg
Unsliced	Unsliced\Unsliced-095.jpg
Unsliced	Unsliced\Unsliced-096.jpg
Unsliced	Unsliced\Unsliced-097.jpg
Unsliced	Unsliced\Unsliced-098.jpg
Unsliced	Unsliced\Unsliced-099.jpg
Unsliced	Unsliced\Unsliced-100.jpg
Unsliced	Unsliced\Unsliced-101.jpg
Unsliced	Unsliced\Unsliced-102.jpg
Unsliced	Unsliced\Unsliced-103.jpg
Unsliced	Unsliced\Unsliced-104.jpg
Unsliced	Unsliced\Unsliced-105.jpg
Unsliced	Unsliced\Unsliced-106.jpg
Unsliced	Unsliced\Unsliced-107.jpg
Unsliced	Unsliced\Unsliced-108.jpg
Unsliced	Unsliced\Unsliced-109.jpg
Unsliced	Unsliced\Unsliced-110.jpg
Unsliced	Unsliced\Unsliced-111.jpg
Unsliced	Unsliced\Unsliced-112.jpg
Unsliced	Unsliced\Unsliced-113.jpg
Unsliced	Unsliced\Unsliced-114.jpg
Unsliced	Unsliced\Unsliced-115.jpg
Unsliced	Unsliced\Unsliced-116.jpg
Unsliced	Unsliced\Unsliced-117.jpg
Unsliced	Unsliced\Unsliced-118.jpg
Unsliced	Unsliced\Unsliced-119.jpg
Unsliced	Unsliced\Unsliced-120.jpg
Unsliced	Unsliced\Unsliced-121.jpg
Unsliced	Unsliced\Unsliced-122.jpg
Unsliced	Unsliced\Unsliced-123.jpg
Unsliced	Unsliced\Unsliced-124.jpg
Unsliced	Unsliced\Unsliced-125.jpg
Unsliced	Unsliced\Unsliced-126.jpg
Unsliced	Unsliced\Unsliced-127.jpg
Unsliced	Unsliced\Unsliced-128.jpg
Unsliced	Unsliced\Unsliced-129.jpg
Unsliced	Unsliced\Unsliced-130.jpg
Unsliced	Unsliced\Unsliced-131.jpg
Unsliced	Unsliced\Unsliced-132.jpg
Unsliced	Unsliced\Unsliced-133.jpg
Unsliced	Unsliced\Unsliced-134.jpg
Unsliced	Unsliced\Unsliced-135.jpg
Unsliced	Unsliced\Unsliced-136.jpg
Unsliced	Unsliced\Unsliced-137.jpg
Unsliced	Unsliced\Unsliced-138.jpg
Unsliced	Unsliced\Unsliced-139.jpg
Unsliced	Unsliced\Unsliced-140.jpg
Unsliced	Unsliced\Unsliced-141.jpg
Unsliced	Unsliced\Unsliced-142.jpg
Unsliced	Unsliced\Unsliced-143.jpg
Unsliced	Unsliced\Unsliced-144.jpg
Unsliced	Unsliced\Unsliced-145.jpg
Unsliced	Unsliced\Unsliced-146.jpg
Unsliced	Unsliced\Unsliced-147.jpg
Unsliced	Unsliced\Unsliced-148.jpg
Unsliced	Unsliced\Unsliced-149.jpg
Unsliced	Unsliced\Unsliced-150.jpg
Unsliced	Unsliced\Unsliced-151.jpg
Unsliced	Unsliced\Unsliced-152.jpg
Unsliced	Unsliced\Unsliced-153.jpg
Unsliced	Unsliced\Unsliced-154.jpg
Unsliced	Unsliced\Unsliced-155.jpg
Unsliced	Unsliced\Unsliced-156.jpg
Unsliced	Unsliced\Unsliced-157.jpg
Unsliced	Unsliced\Unsliced-158.jpg
Unsliced	Unsliced\Unsliced-159.jpg
Unsliced	Unsliced\Unsliced-160.jpg
Unsliced	Unsliced\Unsliced-161.jpg
Unsliced	Unsliced\Unsliced-162.jpg
Unsliced	Unsliced\Unsliced-163.jpg
Unsliced	Unsliced\Unsliced-164.jpg
Unsliced	Unsliced\Unsliced-165.jpg
Unsliced	Unsliced\Unsliced-166.jpg
Unsliced	Unsliced\Unsliced-167.jpg
Unsliced	Unsliced\Unsliced-168.jpg
Unsliced	Unsliced\Unsliced-169.jpg
Unsliced	Unsliced\Unsliced-170.jpg
Unsliced	Unsliced\Unsliced-171.jpg
Unsliced	Unsliced\Unsliced-172.jpg
Unsliced	Unsliced\Unsliced-173.jpg
Unsliced	Unsliced\Unsliced-174.jpg
Unsliced	Unsliced\Unsliced-175.jpg
Unsliced	Unsliced\Unsliced-176.jpg
Unsliced	Unsliced\Unsliced-177.jpg
Unsliced	Unsliced\Unsliced-178.jpg
Unsliced	Unsliced\Unsliced-179.jpg
Unsliced	Unsliced\Unsliced-180.jpg
Unsliced	Unsliced\Unsliced-181.jpg
Unsliced	Unsliced\Unsliced-182.jpg
Unsliced	Unsliced\Unsliced-183.jpg
Unsliced	Unsliced\Unsliced-184.jpg
Unsliced	Unsliced\Unsliced-185.jpg
Unsliced	Unsliced\Unsliced-186.jpg
Unsliced	Unsliced\Unsliced-187.jpg
Unsliced	Unsliced\Unsliced-188.jpg
Unsliced	Unsliced\Unsliced-189.jpg
Unsliced	Unsliced\Unsliced-190.jpg
Unsliced	Unsliced\Unsliced-191.jpg
Unsliced	Unsliced\Unsliced-192.jpg
Unsliced	Unsliced\Unsliced-193.jpg
Unsliced	Unsliced\Unsliced-194.jpg
Unsliced	Unsliced\Unsliced-195.jpg
Unsliced	Unsliced\Unsliced-196.jpg
Unsliced	Unsliced\Unsliced-197.jpg
Unsliced	Unsliced\Unsliced-198.jpg
Unsliced	Unsliced\Unsliced-199.jpg
Sliced	Sliced\Sliced-000.jpg
Sliced	Sliced\Sliced-001.jpg
Sliced	Sliced\Sliced-002.jpg
Sliced	Sliced\Sliced-003.jpg
Sliced	Sliced\Sliced-004.jpg
Sliced	Sliced\Sliced-005.jpg
Sliced	Sliced\Sliced-006.jpg
Sliced	Sliced\Sliced-007.jpg
Sliced	Sliced\Sliced-008.jpg
Sliced	Sliced\Sliced-009.jpg
Sliced	Sliced\Sliced-010.jpg
Sliced	Sliced\Sliced-011.jpg
Sliced	Sliced\Sliced-012.jpg
Sliced	Sliced\Sliced-013.jpg
Sliced	Sliced\Sliced-014.jpg
Sliced	Sliced\Sliced-015.jpg
Sliced	Sliced\Sliced-016.jpg
Sliced	Sliced\Sliced-017.jpg
Sliced	Sliced\Sliced-018.jpg
Sliced	Sliced\Sliced-019.jpg
Sliced	Sliced\Sliced-020.jpg
Sliced	Sliced\Sliced-021.jpg
Sliced	Sliced\Sliced-022.jpg
Sliced	Sliced\Sliced-023.jpg
Sliced	Sliced\Sliced-024.jpg
Sliced	Sliced\Sliced-025.jpg
Sliced	Sliced\Sliced-026.jpg
Sliced	Sliced\Sliced-027.jpg
Sliced	Sliced\Sliced-028.jpg
Sliced	Sliced\Sliced-029.jpg
Sliced	Sliced\Sliced-030.jpg
Sliced	Sliced\Sliced-031.jpg
Sliced	Sliced\Sliced-032.jpg
Sliced	Sliced\Sliced-033.jpg
Sliced	Sliced\Sliced-034.jpg
Sliced	Sliced\Sliced-035.jpg
Sliced	Sliced\Sliced-036.jpg
Sliced	Sliced\Sliced-037.jpg
Sliced	Sliced\Sliced-038.jpg
Sliced	Sliced\Sliced-039.jpg
Sliced	Sliced\Sliced-040.jpg
Sliced	Sliced\Sliced-041.jpg
Sliced	Sliced\Sliced-042.jpg
Sliced	Sliced\Sliced-043.jpg
Sliced	Sliced\Sliced-044.jpg
Sliced	Sliced\Sliced-045.jpg
Sliced	Sliced\Sliced-046.jpg
Sliced	Sliced\Sliced-047.jpg
Sliced	Sliced\Sliced-048.jpg
Sliced	Sliced\Sliced-049.jpg
Sliced	Sliced\Sliced-050.jpg
Sliced	Sliced\Sliced-051.jpg
Sliced	Sliced\Sliced-052.jpg
Sliced	Sliced\Sliced-053.jpg
Sliced	Sliced\Sliced-054.jpg
Sliced	Sliced\Sliced-055.jpg
Sliced	Sliced\Sliced-056.jpg
Sliced	Sliced\Sliced-057.jpg
Sliced	Sliced\Sliced-058.jpg
Sliced	Sliced\Sliced-059.jpg
Sliced	Sliced\Sliced-060.jpg
Sliced	Sliced\Sliced-061.jpg
Sliced	Sliced\Sliced-062.jpg
Sliced	Sliced\Sliced-063.jpg
Sliced	Sliced\Sliced-064.jpg
Sliced	Sliced\Sliced-065.jpg
Sliced	Sliced\Sliced-066.jpg
Sliced	Sliced\Sliced-067.jpg
Sliced	Sliced\Sliced-068.jpg
Sliced	Sliced\Sliced-069.jpg
Sliced	Sliced\Sliced-070.jpg
Sliced	Sliced\Sliced-071.jpg
Sliced	Sliced\Sliced-072.jpg
Sliced	Sliced\Sliced-073.jpg
Sliced	Sliced\Sliced-074.jpg
Sliced	Sliced\Sliced-075.jpg
Sliced	Sliced\Sliced-076.jpg
Sliced	Sliced\Sliced-077.jpg
Sliced	Sliced\Sliced-078.jpg
Sliced	Sliced\Sliced-079.jpg
Sliced	Sliced\Sliced-080.jpg
Sliced	Sliced\Sliced-081.jpg
Sliced	Sliced\Sliced-082.jpg
Sliced	Sliced\Sliced-083.jpg
Sliced	Sliced\Sliced-084.jpg
Sliced	Sliced\Sliced-085.jpg
Sliced	Sliced\Sliced-086.jpg
Sliced	Sliced\Sliced-087.jpg
Sliced	Sliced\Sliced-088.jpg
Sliced	Sliced\Sliced-089.jpg
Sliced	Sliced\Sliced-090.jpg
Sliced	Sliced\Sliced-091.jpg
Sliced	Sliced\Sliced-092.jpg
Sliced	Sliced\Sliced-093.jpg
Sliced	Sliced\Sliced-094.jpg
Sliced	Sliced\Sliced-095.jpg
Sliced	Sliced\Sliced-096.jpg
Sliced	Sliced\Sliced-097.jpg
Sliced	Sliced\Sliced-098.jpg
Sliced	Sliced\Sliced-099.jpg
Sliced	Sliced\Sliced-100.jpg
Sliced	Sliced\Sliced-101.jpg
Sliced	Sliced\Sliced-102.jpg
Sliced	Sliced\Sliced-103.jpg
Sliced	Sliced\Sliced-104.jpg
Sliced	Sliced\Sliced-105.jpg
Sliced	Sliced\Sliced-106.jpg
Sliced	Sliced\Sliced-107.jpg
Sliced	Sliced\Sliced-108.jpg
Sliced	Sliced\Sliced-109.jpg
Sliced	Sliced\Sliced-110.jpg
Sliced	Sliced\Sliced-111.jpg
Sliced	Sliced\Sliced-112.jpg
Sliced	Sliced\Sliced-113.jpg
Sliced	Sliced\Sliced-114.jpg
Sliced	Sliced\Sliced-115.jpg
Sliced	Sliced\Sliced-116.jpg
Sliced	Sliced\Sliced-117.jpg
Sliced	Sliced\Sliced-118.jpg
Sliced	Sliced\Sliced-119.jpg
Sliced	Sliced\Sliced-120.jpg
Sliced	Sliced\Sliced-121.jpg
Sliced	Sliced\Sliced-122.jpg
Sliced	Sliced\Sliced-123.jpg
Sliced	Sliced\Sliced-124.jpg
Sliced	Sliced\Sliced-125.jpg
Sliced	Sliced\Sliced-126.jpg
Sliced	Sliced\Sliced-127.jpg
Sliced	Sliced\Sliced-128.jpg
Sliced	Sliced\Sliced-129.jpg
Sliced	Sliced\Sliced-130.jpg
Sliced	Sliced\Sliced-131.jpg
Sliced	Sliced\Sliced-132.jpg
Sliced	Sliced\Sliced-133.jpg
Sliced	Sliced\Sliced-134.jpg
Sliced	Sliced\Sliced-135.jpg
Sliced	Sliced\Sliced-136.jpg
Sliced	Sliced\Sliced-137.jpg
Sliced	Sliced\Sliced-138.jpg
Sliced	Sliced\Sliced-139.jpg
Sliced	Sliced\Sliced-140.jpg
Sliced	Sliced\Sliced-141.jpg
Sliced	Sliced\Sliced-142.jpg
Sliced	Sliced\Sliced-143.jpg
Sliced	Sliced\Sliced-144.jpg
Sliced	Sliced\Sliced-145.jpg
Sliced	Sliced\Sliced-146.jpg
Sliced	Sliced\Sliced-147.jpg
Sliced	Sliced\Sliced-148.jpg
Sliced	Sliced\Sliced-149.jpg
Sliced	Sliced\Sliced-150.jpg
Sliced	Sliced\Sliced-151.jpg
Sliced	Sliced\Sliced-152.jpg
Sliced	Sliced\Sliced-153.jpg
Sliced	Sliced\Sliced-154.jpg
Sliced	Sliced\Sliced-155.jpg
Sliced	Sliced\Sliced-156.jpg
Sliced	Sliced\Sliced-157.jpg
Sliced	Sliced\Sliced-158.jpg
Sliced	Sliced\Sliced-159.jpg
Sliced	Sliced\Sliced-160.jpg
Sliced	Sliced\Sliced-161.jpg
Sliced	Sliced\Sliced-162.jpg
Sliced	Sliced\Sliced-163.jpg
Sliced	Sliced\Sliced-164.jpg
Sliced	Sliced\Sliced-165.jpg
Sliced	Sliced\Sliced-166.jpg
Sliced	Sliced\Sliced-167.jpg
Sliced	Sliced\Sliced-168.jpg
Sliced	Sliced\Sliced-169.jpg
Sliced	Sliced\Sliced-170.jpg
Sliced	Sliced\Sliced-171.jpg
Sliced	Sliced\Sliced-172.jpg
Sliced	Sliced\Sliced-173.jpg
Sliced	Sliced\Sliced-174.jpg
Sliced	Sliced\Sliced-175.jpg
Sliced	Sliced\Sliced-176.jpg
Sliced	Sliced\Sliced-177.jpg
Sliced	Sliced\Sliced-178.jpg
Sliced	Sliced\Sliced-179.jpg
Sliced	Sliced\Sliced-180.jpg
Sliced	Sliced\Sliced-181.jpg
Sliced	Sliced\Sliced-182.jpg
Sliced	Sliced\Sliced-183.jpg
Sliced	Sliced\Sliced-184.jpg
Sliced	Sliced\Sliced-185.jpg
Sliced	Sliced\Sliced-186.jpg
Sliced	Sliced\Sliced-187.jpg
Sliced	Sliced\Sliced-188.jpg
Sliced	Sliced\Sliced-189.jpg
Sliced	Sliced\Sliced-190.jpg
Sliced	Sliced\Sliced-191.jpg
Sliced	Sliced\Sliced-192.jpg
Sliced	Sliced\Sliced-193.jpg
Sliced	Sliced\Sliced-194.jpg
Sliced	Sliced\Sliced-195.jpg
Sliced	Sliced\Sliced-196.jpg
Sliced	Sliced\Sliced-197.jpg
Sliced	Sliced\Sliced-198.jpg
Sliced	Sliced\Sliced-199.jpg
